{"initial_reset_timestamp": 1527512425.464865, "timestamps": [1527512430.6496596, 1527512433.5249143, 1527512433.6457405, 1527512433.6783197, 1527512433.6888492, 1527512433.722698, 1527512433.760971, 1527512433.8003418], "episode_lengths": [200, 110, 133, 145, 53, 176, 193, 200], "episode_rewards": [200.0, 110.0, 133.0, 145.0, 53.0, 176.0, 193.0, 200.0], "episode_types": ["t", "t", "t", "t", "t", "t", "t", "t", "t"]}