{"initial_reset_timestamp": 1527512394.4862773, "timestamps": [1527512402.1859152, 1527512407.2877114, 1527512407.4157083, 1527512407.4528213, 1527512407.4785879, 1527512407.5164962, 1527512407.5419683, 1527512407.5790246, 1527512412.5164993, 1527512412.6469944, 1527512412.6842575, 1527512412.7177467, 1527512412.742146, 1527512412.7682328, 1527512412.807179, 1527512412.8449264, 1527512412.8820145, 1527512412.9054642, 1527512412.9410887, 1527512412.9680517, 1527512413.00538, 1527512413.0423977, 1527512413.0793467, 1527512413.1087518, 1527512413.130455, 1527512413.1674201, 1527512413.2044563, 1527512418.2441213, 1527512418.374941, 1527512418.4122694, 1527512418.4493518, 1527512418.4759066, 1527512418.5128574, 1527512418.5425808, 1527512418.5793116, 1527512418.612693, 1527512418.6494164, 1527512418.6869416, 1527512418.7237878, 1527512418.753274, 1527512418.773272, 1527512418.812014, 1527512418.8385117, 1527512418.8756492, 1527512418.9129107, 1527512418.9496799, 1527512418.9801822, 1527512419.0169353, 1527512419.0438662, 1527512419.0805128, 1527512419.1173823, 1527512419.1542294, 1527512419.1815424, 1527512419.2184806, 1527512419.2458534, 1527512419.284116, 1527512419.32302, 1527512419.362798, 1527512419.3977768, 1527512419.426638, 1527512419.470998, 1527512419.4983993, 1527512419.5305045, 1527512419.572459], "episode_lengths": [200, 200, 200, 200, 139, 200, 136, 200, 196, 200, 200, 176, 126, 136, 200, 200, 200, 124, 191, 141, 197, 200, 200, 159, 117, 200, 200, 200, 200, 200, 200, 143, 200, 161, 200, 182, 200, 200, 200, 156, 108, 200, 142, 200, 200, 200, 165, 200, 146, 200, 200, 200, 148, 200, 148, 200, 194, 200, 179, 144, 200, 130, 162, 200], "episode_rewards": [200.0, 200.0, 200.0, 200.0, 139.0, 200.0, 136.0, 200.0, 196.0, 200.0, 200.0, 176.0, 126.0, 136.0, 200.0, 200.0, 200.0, 124.0, 191.0, 141.0, 197.0, 200.0, 200.0, 159.0, 117.0, 200.0, 200.0, 200.0, 200.0, 200.0, 200.0, 143.0, 200.0, 161.0, 200.0, 182.0, 200.0, 200.0, 200.0, 156.0, 108.0, 200.0, 142.0, 200.0, 200.0, 200.0, 165.0, 200.0, 146.0, 200.0, 200.0, 200.0, 148.0, 200.0, 148.0, 200.0, 194.0, 200.0, 179.0, 144.0, 200.0, 130.0, 162.0, 200.0], "episode_types": ["t", "t", "t", "t", "t", "t", "t", "t", "t", "t", "t", "t", "t", "t", "t", "t", "t", "t", "t", "t", "t", "t", "t", "t", "t", "t", "t", "t", "t", "t", "t", "t", "t", "t", "t", "t", "t", "t", "t", "t", "t", "t", "t", "t", "t", "t", "t", "t", "t", "t", "t", "t", "t", "t", "t", "t", "t", "t", "t", "t", "t", "t", "t", "t", "t"]}